,Temps,PYn,Dm
PLS1,2.6157941818237305,0.64,0.37307773762588853
PLS2,1.399017572402954,0.672,0.33168324836904767
